Timestamp,Verdict,BPM,Confidence,Pulse
15:00:34,REAL,73 BPM,87%,STABLE
15:00:34,REAL,73 BPM,87%,STABLE
15:00:35,REAL,73 BPM,87%,STABLE
15:00:35,REAL,73 BPM,87%,STABLE
15:00:36,REAL,73 BPM,87%,STABLE
15:00:36,REAL,73 BPM,87%,STABLE
15:00:36,REAL,73 BPM,87%,STABLE
15:00:37,REAL,73 BPM,87%,STABLE
15:00:37,REAL,73 BPM,87%,STABLE
15:00:37,REAL,73 BPM,87%,STABLE
15:00:38,REAL,73 BPM,87%,STABLE
15:00:38,REAL,73 BPM,87%,STABLE
15:00:38,REAL,73 BPM,87%,STABLE
15:00:39,REAL,73 BPM,87%,STABLE
15:00:39,REAL,73 BPM,87%,STABLE
15:00:40,REAL,73 BPM,87%,STABLE
15:00:40,REAL,73 BPM,87%,STABLE
15:00:40,REAL,73 BPM,87%,STABLE
15:00:41,REAL,73 BPM,87%,STABLE
15:00:41,REAL,73 BPM,87%,STABLE
15:00:42,REAL,73 BPM,87%,STABLE
15:00:42,REAL,73 BPM,87%,STABLE
15:00:42,REAL,73 BPM,87%,STABLE
15:00:43,REAL,73 BPM,87%,STABLE
15:00:43,REAL,73 BPM,87%,STABLE
15:00:43,REAL,73 BPM,87%,STABLE
15:00:44,REAL,73 BPM,87%,STABLE
15:00:44,REAL,73 BPM,87%,STABLE
15:00:45,REAL,73 BPM,87%,STABLE
15:00:45,REAL,73 BPM,87%,STABLE
15:00:45,REAL,73 BPM,87%,STABLE
15:00:46,REAL,73 BPM,87%,STABLE
15:00:46,REAL,73 BPM,87%,STABLE
15:00:47,REAL,73 BPM,87%,STABLE
15:00:47,REAL,73 BPM,87%,STABLE
15:00:47,REAL,73 BPM,87%,STABLE
15:00:47,REAL,73 BPM,87%,STABLE
15:00:48,REAL,73 BPM,87%,STABLE
15:00:48,REAL,73 BPM,87%,STABLE
15:00:48,REAL,73 BPM,87%,STABLE
15:00:48,REAL,73 BPM,87%,STABLE
15:00:49,REAL,73 BPM,87%,STABLE
15:00:49,REAL,73 BPM,87%,STABLE
15:00:49,REAL,73 BPM,87%,STABLE
15:00:49,REAL,73 BPM,87%,STABLE
15:00:50,REAL,73 BPM,87%,STABLE
15:00:50,REAL,73 BPM,87%,STABLE
15:00:50,REAL,73 BPM,87%,STABLE
15:00:50,REAL,73 BPM,87%,STABLE
15:00:51,REAL,73 BPM,87%,STABLE
15:00:51,REAL,73 BPM,87%,STABLE
15:00:51,REAL,73 BPM,87%,STABLE
15:00:51,REAL,73 BPM,87%,STABLE
15:00:52,REAL,73 BPM,87%,STABLE
15:00:52,REAL,73 BPM,87%,STABLE
15:00:52,REAL,73 BPM,87%,STABLE
15:00:52,REAL,73 BPM,87%,STABLE
15:00:53,REAL,73 BPM,87%,STABLE
15:00:53,REAL,73 BPM,87%,STABLE
15:00:53,REAL,73 BPM,87%,STABLE
15:00:53,REAL,73 BPM,87%,STABLE
15:00:54,REAL,73 BPM,87%,STABLE
15:00:54,REAL,73 BPM,87%,STABLE
15:00:54,REAL,73 BPM,87%,STABLE
15:00:54,REAL,73 BPM,87%,STABLE
15:00:55,REAL,73 BPM,87%,STABLE
15:00:55,REAL,73 BPM,87%,STABLE
15:00:55,REAL,73 BPM,87%,STABLE
15:00:56,REAL,73 BPM,87%,STABLE
15:00:56,REAL,73 BPM,87%,STABLE
15:00:56,REAL,73 BPM,87%,STABLE
15:00:56,REAL,73 BPM,87%,STABLE
15:00:57,REAL,73 BPM,87%,STABLE
15:00:57,REAL,73 BPM,87%,STABLE
15:00:57,REAL,73 BPM,87%,STABLE
15:00:57,REAL,73 BPM,87%,STABLE
15:00:58,REAL,73 BPM,87%,STABLE
15:00:58,REAL,73 BPM,87%,STABLE
15:00:58,REAL,73 BPM,87%,STABLE
15:00:59,REAL,73 BPM,87%,STABLE
15:00:59,REAL,73 BPM,87%,STABLE
15:00:59,REAL,73 BPM,87%,STABLE
15:00:59,REAL,73 BPM,87%,STABLE
15:01:00,REAL,73 BPM,87%,STABLE
15:01:00,REAL,73 BPM,87%,STABLE
15:01:00,REAL,73 BPM,87%,STABLE
15:01:00,REAL,73 BPM,87%,STABLE
15:01:01,REAL,73 BPM,87%,STABLE
15:01:01,REAL,73 BPM,87%,STABLE
15:01:01,REAL,73 BPM,87%,STABLE
15:01:01,REAL,73 BPM,87%,STABLE
15:01:02,REAL,73 BPM,87%,STABLE
15:01:02,REAL,73 BPM,87%,STABLE
15:01:02,REAL,73 BPM,87%,STABLE
15:01:02,REAL,73 BPM,87%,STABLE
15:01:03,REAL,73 BPM,87%,STABLE
15:01:03,REAL,73 BPM,87%,STABLE
15:01:03,REAL,73 BPM,87%,STABLE
15:01:04,REAL,73 BPM,87%,STABLE
15:01:04,REAL,73 BPM,87%,STABLE
15:01:04,REAL,73 BPM,87%,STABLE
15:01:04,REAL,73 BPM,87%,STABLE
15:01:05,REAL,73 BPM,87%,STABLE
15:01:05,REAL,73 BPM,87%,STABLE
15:01:06,REAL,73 BPM,87%,STABLE
15:01:06,REAL,73 BPM,87%,STABLE
15:01:06,REAL,73 BPM,87%,STABLE
15:01:07,REAL,73 BPM,87%,STABLE
15:01:07,REAL,73 BPM,87%,STABLE
15:01:07,REAL,73 BPM,87%,STABLE
15:01:07,REAL,73 BPM,87%,STABLE
15:01:08,REAL,73 BPM,87%,STABLE
15:01:08,REAL,73 BPM,87%,STABLE
15:01:08,REAL,73 BPM,87%,STABLE
15:01:09,REAL,73 BPM,87%,STABLE
15:01:09,REAL,73 BPM,87%,STABLE
15:01:53,REAL,73 BPM,87%,STABLE
15:01:53,REAL,73 BPM,87%,STABLE
15:01:54,REAL,73 BPM,87%,STABLE
15:01:54,REAL,73 BPM,87%,STABLE
15:01:55,REAL,73 BPM,87%,STABLE
15:01:55,REAL,73 BPM,87%,STABLE
15:01:55,REAL,73 BPM,87%,STABLE
15:01:56,REAL,73 BPM,87%,STABLE
15:01:56,REAL,73 BPM,87%,STABLE
15:01:57,REAL,73 BPM,87%,STABLE
15:01:57,REAL,73 BPM,87%,STABLE
15:01:57,REAL,73 BPM,87%,STABLE
15:01:58,REAL,73 BPM,87%,STABLE
15:01:58,REAL,73 BPM,87%,STABLE
15:01:59,REAL,73 BPM,87%,STABLE
15:01:59,REAL,73 BPM,87%,STABLE
15:01:59,REAL,73 BPM,87%,STABLE
15:02:00,REAL,73 BPM,87%,STABLE
15:02:00,REAL,73 BPM,87%,STABLE
15:02:00,REAL,73 BPM,87%,STABLE
15:02:01,REAL,73 BPM,87%,STABLE
15:02:01,REAL,73 BPM,87%,STABLE
15:02:02,REAL,73 BPM,87%,STABLE
15:02:02,REAL,73 BPM,87%,STABLE
15:02:02,REAL,73 BPM,87%,STABLE
15:02:03,REAL,73 BPM,87%,STABLE
15:02:03,REAL,73 BPM,87%,STABLE
15:02:03,REAL,73 BPM,87%,STABLE
15:02:04,REAL,73 BPM,87%,STABLE
15:02:04,REAL,73 BPM,87%,STABLE
15:02:05,REAL,73 BPM,87%,STABLE
15:02:05,REAL,73 BPM,87%,STABLE
15:02:06,REAL,73 BPM,87%,STABLE
15:02:06,REAL,73 BPM,87%,STABLE
15:02:06,REAL,73 BPM,87%,STABLE
15:02:07,REAL,73 BPM,87%,STABLE
15:02:07,REAL,73 BPM,87%,STABLE
15:02:08,REAL,73 BPM,87%,STABLE
15:02:08,REAL,73 BPM,87%,STABLE
15:02:08,REAL,73 BPM,87%,STABLE
15:02:09,REAL,73 BPM,87%,STABLE
15:02:09,REAL,73 BPM,87%,STABLE
15:02:10,REAL,73 BPM,87%,STABLE
15:02:10,REAL,73 BPM,87%,STABLE
15:02:10,REAL,73 BPM,87%,STABLE
15:02:11,REAL,73 BPM,87%,STABLE
15:02:11,REAL,73 BPM,87%,STABLE
15:02:11,REAL,73 BPM,87%,STABLE
15:02:12,REAL,73 BPM,87%,STABLE
15:02:12,REAL,73 BPM,87%,STABLE
15:02:13,REAL,73 BPM,87%,STABLE
15:02:13,REAL,73 BPM,87%,STABLE
15:02:13,REAL,73 BPM,87%,STABLE
15:02:14,REAL,73 BPM,87%,STABLE
15:02:14,REAL,73 BPM,87%,STABLE
15:02:14,REAL,73 BPM,87%,STABLE
15:02:14,REAL,73 BPM,87%,STABLE
15:02:15,REAL,73 BPM,87%,STABLE
15:02:15,REAL,73 BPM,87%,STABLE
15:02:15,REAL,73 BPM,87%,STABLE
15:02:15,REAL,73 BPM,87%,STABLE
15:02:16,REAL,73 BPM,87%,STABLE
15:02:16,REAL,73 BPM,87%,STABLE
15:02:16,REAL,73 BPM,87%,STABLE
15:02:16,REAL,73 BPM,87%,STABLE
15:02:17,REAL,73 BPM,87%,STABLE
15:02:17,REAL,73 BPM,87%,STABLE
15:02:17,REAL,73 BPM,87%,STABLE
15:02:17,REAL,73 BPM,87%,STABLE
15:02:18,REAL,73 BPM,87%,STABLE
15:02:18,REAL,73 BPM,87%,STABLE
15:02:18,REAL,73 BPM,87%,STABLE
15:02:18,REAL,73 BPM,87%,STABLE
15:02:19,REAL,73 BPM,87%,STABLE
15:02:19,REAL,73 BPM,87%,STABLE
15:02:19,REAL,73 BPM,87%,STABLE
15:02:20,REAL,73 BPM,87%,STABLE
15:02:20,REAL,73 BPM,87%,STABLE
15:02:20,REAL,73 BPM,87%,STABLE
15:02:20,REAL,73 BPM,87%,STABLE
15:02:21,REAL,73 BPM,87%,STABLE
15:02:21,REAL,73 BPM,87%,STABLE
15:02:21,REAL,73 BPM,87%,STABLE
15:02:21,REAL,73 BPM,87%,STABLE
15:02:21,REAL,73 BPM,87%,STABLE
15:02:22,REAL,73 BPM,87%,STABLE
15:02:22,REAL,73 BPM,87%,STABLE
15:02:22,REAL,73 BPM,87%,STABLE
15:02:22,REAL,73 BPM,87%,STABLE
15:02:23,REAL,73 BPM,87%,STABLE
15:02:23,REAL,73 BPM,87%,STABLE
15:02:23,REAL,73 BPM,87%,STABLE
15:02:23,REAL,73 BPM,87%,STABLE
15:02:24,REAL,73 BPM,87%,STABLE
15:02:24,REAL,73 BPM,87%,STABLE
15:02:24,REAL,73 BPM,87%,STABLE
15:02:24,REAL,73 BPM,87%,STABLE
15:02:25,REAL,73 BPM,87%,STABLE
15:02:25,REAL,73 BPM,87%,STABLE
15:02:25,REAL,73 BPM,87%,STABLE
15:02:26,REAL,73 BPM,87%,STABLE
15:02:26,REAL,73 BPM,87%,STABLE
15:02:26,REAL,73 BPM,87%,STABLE
15:02:26,REAL,73 BPM,87%,STABLE
15:02:27,REAL,73 BPM,87%,STABLE
15:02:27,REAL,73 BPM,87%,STABLE
15:02:27,REAL,73 BPM,87%,STABLE
15:02:27,REAL,73 BPM,87%,STABLE
15:02:27,REAL,73 BPM,87%,STABLE
15:02:28,REAL,73 BPM,87%,STABLE
15:02:28,REAL,73 BPM,87%,STABLE
15:02:28,REAL,73 BPM,87%,STABLE
15:02:28,REAL,73 BPM,87%,STABLE
15:02:29,REAL,73 BPM,87%,STABLE
15:02:29,REAL,73 BPM,87%,STABLE
15:02:29,REAL,73 BPM,87%,STABLE
15:02:29,REAL,73 BPM,87%,STABLE
15:02:30,REAL,73 BPM,87%,STABLE
15:02:30,REAL,73 BPM,87%,STABLE
15:02:30,REAL,73 BPM,87%,STABLE
15:02:30,REAL,73 BPM,87%,STABLE
15:02:31,REAL,73 BPM,87%,STABLE
15:02:31,REAL,73 BPM,87%,STABLE
15:02:31,REAL,73 BPM,87%,STABLE
15:02:31,REAL,73 BPM,87%,STABLE
15:02:31,REAL,73 BPM,87%,STABLE
15:02:32,REAL,73 BPM,87%,STABLE
15:02:32,REAL,73 BPM,87%,STABLE
15:02:32,REAL,73 BPM,87%,STABLE
15:02:32,REAL,73 BPM,87%,STABLE
15:02:33,REAL,73 BPM,87%,STABLE
15:02:33,REAL,73 BPM,87%,STABLE
15:02:33,REAL,73 BPM,87%,STABLE
15:02:33,REAL,73 BPM,87%,STABLE
15:02:34,REAL,73 BPM,87%,STABLE
15:02:34,REAL,73 BPM,87%,STABLE
15:02:34,REAL,73 BPM,87%,STABLE
15:02:34,REAL,73 BPM,87%,STABLE
15:02:34,REAL,73 BPM,87%,STABLE
15:02:35,REAL,73 BPM,87%,STABLE
15:02:35,REAL,73 BPM,87%,STABLE
15:02:36,REAL,73 BPM,87%,STABLE
15:02:36,REAL,73 BPM,87%,STABLE
15:02:36,REAL,73 BPM,87%,STABLE
15:02:37,REAL,73 BPM,87%,STABLE
15:02:37,REAL,73 BPM,87%,STABLE
15:02:37,REAL,73 BPM,87%,STABLE
15:02:38,REAL,73 BPM,87%,STABLE
15:02:38,REAL,73 BPM,87%,STABLE
15:02:38,REAL,73 BPM,87%,STABLE
15:02:39,REAL,73 BPM,87%,STABLE
15:02:39,REAL,73 BPM,87%,STABLE
15:02:40,REAL,73 BPM,87%,STABLE
15:02:40,REAL,73 BPM,87%,STABLE
15:02:40,REAL,73 BPM,87%,STABLE
15:02:41,REAL,73 BPM,87%,STABLE
15:02:41,REAL,73 BPM,87%,STABLE
15:02:42,REAL,73 BPM,87%,STABLE
15:02:42,REAL,73 BPM,87%,STABLE
15:02:42,REAL,73 BPM,87%,STABLE
15:02:43,REAL,73 BPM,87%,STABLE
15:02:43,REAL,73 BPM,87%,STABLE
15:02:43,REAL,73 BPM,87%,STABLE
15:02:44,REAL,73 BPM,87%,STABLE
15:02:44,REAL,73 BPM,87%,STABLE
15:02:44,REAL,73 BPM,87%,STABLE
15:02:45,REAL,73 BPM,87%,STABLE
15:02:45,REAL,73 BPM,87%,STABLE
15:02:45,REAL,73 BPM,87%,STABLE
15:02:46,REAL,73 BPM,87%,STABLE
15:02:46,REAL,73 BPM,87%,STABLE
15:02:47,REAL,73 BPM,87%,STABLE
15:02:47,REAL,73 BPM,87%,STABLE
15:02:47,REAL,73 BPM,87%,STABLE
15:02:48,REAL,73 BPM,87%,STABLE
15:02:48,REAL,73 BPM,87%,STABLE
15:02:48,REAL,73 BPM,87%,STABLE
15:02:49,REAL,73 BPM,87%,STABLE
15:02:49,REAL,73 BPM,87%,STABLE
15:02:49,REAL,73 BPM,87%,STABLE
15:02:50,REAL,73 BPM,87%,STABLE
15:02:50,REAL,73 BPM,87%,STABLE
15:02:50,REAL,73 BPM,87%,STABLE
15:02:51,REAL,73 BPM,87%,STABLE
15:02:51,REAL,73 BPM,87%,STABLE
15:02:51,REAL,73 BPM,87%,STABLE
15:02:52,REAL,73 BPM,87%,STABLE
15:02:52,REAL,73 BPM,87%,STABLE
15:02:53,REAL,73 BPM,87%,STABLE
15:02:53,REAL,73 BPM,87%,STABLE
15:02:53,REAL,73 BPM,87%,STABLE
15:02:54,REAL,73 BPM,87%,STABLE
15:02:54,REAL,73 BPM,87%,STABLE
15:02:54,REAL,73 BPM,87%,STABLE
15:02:55,REAL,73 BPM,87%,STABLE
15:02:55,REAL,73 BPM,87%,STABLE
15:02:55,REAL,73 BPM,87%,STABLE
15:02:56,REAL,73 BPM,87%,STABLE
15:02:56,REAL,73 BPM,87%,STABLE
15:02:56,REAL,73 BPM,87%,STABLE
15:02:57,REAL,73 BPM,87%,STABLE
15:02:57,REAL,73 BPM,87%,STABLE
15:02:58,REAL,73 BPM,87%,STABLE
15:02:58,REAL,73 BPM,87%,STABLE
15:02:58,REAL,73 BPM,87%,STABLE
15:02:59,REAL,73 BPM,87%,STABLE
15:02:59,REAL,73 BPM,87%,STABLE
15:02:59,REAL,73 BPM,87%,STABLE
15:03:00,REAL,73 BPM,87%,STABLE
15:03:00,REAL,73 BPM,87%,STABLE
15:03:01,REAL,73 BPM,87%,STABLE
15:03:01,REAL,73 BPM,87%,STABLE
15:03:01,REAL,73 BPM,87%,STABLE
15:03:02,REAL,73 BPM,87%,STABLE
15:03:02,REAL,73 BPM,87%,STABLE
15:03:02,REAL,73 BPM,87%,STABLE
15:03:03,REAL,73 BPM,87%,STABLE
15:03:03,REAL,73 BPM,87%,STABLE
15:03:04,REAL,73 BPM,87%,STABLE
15:03:04,REAL,73 BPM,87%,STABLE
15:03:04,REAL,73 BPM,87%,STABLE
15:03:05,REAL,73 BPM,87%,STABLE
15:03:05,REAL,73 BPM,87%,STABLE
15:03:05,REAL,73 BPM,87%,STABLE
15:03:06,REAL,73 BPM,87%,STABLE
15:03:06,REAL,73 BPM,87%,STABLE
15:03:06,REAL,73 BPM,87%,STABLE
15:03:08,REAL,73 BPM,87%,STABLE
15:03:08,REAL,73 BPM,87%,STABLE
15:03:08,REAL,73 BPM,87%,STABLE
15:03:09,REAL,73 BPM,87%,STABLE
15:03:09,REAL,73 BPM,87%,STABLE
15:03:10,REAL,73 BPM,87%,STABLE
15:03:10,REAL,73 BPM,87%,STABLE
15:03:10,REAL,73 BPM,87%,STABLE
15:03:11,REAL,73 BPM,87%,STABLE
15:03:11,REAL,73 BPM,87%,STABLE
15:03:11,REAL,73 BPM,87%,STABLE
15:03:12,REAL,73 BPM,87%,STABLE
15:03:12,REAL,73 BPM,87%,STABLE
15:03:12,REAL,73 BPM,87%,STABLE
15:03:13,REAL,73 BPM,87%,STABLE
15:03:13,REAL,73 BPM,87%,STABLE
15:03:14,REAL,73 BPM,87%,STABLE
15:03:14,REAL,73 BPM,87%,STABLE
15:03:14,REAL,73 BPM,87%,STABLE
15:03:15,REAL,73 BPM,87%,STABLE
15:03:15,REAL,73 BPM,87%,STABLE
15:03:15,REAL,73 BPM,87%,STABLE
15:03:16,REAL,73 BPM,87%,STABLE
15:03:16,REAL,73 BPM,87%,STABLE
15:03:16,REAL,73 BPM,87%,STABLE
15:03:17,REAL,73 BPM,87%,STABLE
15:03:17,REAL,73 BPM,87%,STABLE
15:03:18,REAL,73 BPM,87%,STABLE
15:03:18,REAL,73 BPM,87%,STABLE
15:03:18,REAL,73 BPM,87%,STABLE
15:03:19,REAL,73 BPM,87%,STABLE
15:03:19,REAL,73 BPM,87%,STABLE
15:03:19,REAL,73 BPM,87%,STABLE
15:03:20,REAL,73 BPM,87%,STABLE
15:03:20,REAL,73 BPM,87%,STABLE
15:03:20,REAL,73 BPM,87%,STABLE
15:03:21,REAL,73 BPM,87%,STABLE
15:03:21,REAL,73 BPM,87%,STABLE
15:03:21,REAL,73 BPM,87%,STABLE
15:03:22,REAL,73 BPM,87%,STABLE
15:03:22,REAL,73 BPM,87%,STABLE
15:03:23,REAL,73 BPM,87%,STABLE
15:03:23,REAL,73 BPM,87%,STABLE
15:03:23,REAL,73 BPM,87%,STABLE
15:03:24,REAL,73 BPM,87%,STABLE
15:03:24,REAL,73 BPM,87%,STABLE
15:03:24,REAL,73 BPM,87%,STABLE
15:03:25,REAL,73 BPM,87%,STABLE
15:03:25,REAL,73 BPM,87%,STABLE
15:03:26,REAL,73 BPM,87%,STABLE
15:03:26,REAL,73 BPM,87%,STABLE
15:03:26,REAL,73 BPM,87%,STABLE
15:03:27,REAL,73 BPM,87%,STABLE
15:03:27,REAL,73 BPM,87%,STABLE
15:03:27,REAL,73 BPM,87%,STABLE
15:03:28,REAL,73 BPM,87%,STABLE
15:03:28,REAL,73 BPM,87%,STABLE
15:03:28,REAL,73 BPM,87%,STABLE
15:03:29,REAL,73 BPM,87%,STABLE
15:03:29,REAL,73 BPM,87%,STABLE
15:03:30,REAL,73 BPM,87%,STABLE
15:03:30,REAL,73 BPM,87%,STABLE
15:03:30,REAL,73 BPM,87%,STABLE
15:03:31,REAL,73 BPM,87%,STABLE
15:03:31,REAL,73 BPM,87%,STABLE
15:03:31,REAL,73 BPM,87%,STABLE
15:03:32,REAL,73 BPM,87%,STABLE
15:03:32,REAL,73 BPM,87%,STABLE
15:03:32,REAL,73 BPM,87%,STABLE
15:03:32,REAL,73 BPM,87%,STABLE
15:03:33,REAL,73 BPM,87%,STABLE
15:03:33,REAL,73 BPM,87%,STABLE
15:03:33,REAL,73 BPM,87%,STABLE
15:03:33,REAL,73 BPM,87%,STABLE
15:03:34,REAL,73 BPM,87%,STABLE
15:03:34,REAL,73 BPM,87%,STABLE
15:03:34,REAL,73 BPM,87%,STABLE
15:03:34,REAL,73 BPM,87%,STABLE
15:03:35,REAL,73 BPM,87%,STABLE
15:03:36,REAL,73 BPM,87%,STABLE
15:03:36,REAL,73 BPM,87%,STABLE
15:03:36,REAL,73 BPM,87%,STABLE
15:03:36,REAL,73 BPM,87%,STABLE
15:03:37,REAL,73 BPM,87%,STABLE
15:03:37,REAL,73 BPM,87%,STABLE
15:03:37,REAL,73 BPM,87%,STABLE
15:03:37,REAL,73 BPM,87%,STABLE
15:03:38,REAL,73 BPM,87%,STABLE
15:03:38,REAL,73 BPM,87%,STABLE
15:03:38,REAL,73 BPM,87%,STABLE
15:03:38,REAL,73 BPM,87%,STABLE
15:03:39,REAL,73 BPM,87%,STABLE
15:03:39,REAL,73 BPM,87%,STABLE
15:03:39,REAL,73 BPM,87%,STABLE
15:03:39,REAL,73 BPM,87%,STABLE
15:03:40,REAL,73 BPM,87%,STABLE
15:03:40,REAL,73 BPM,87%,STABLE
15:03:40,REAL,73 BPM,87%,STABLE
15:03:40,REAL,73 BPM,87%,STABLE
15:03:40,REAL,73 BPM,87%,STABLE
15:03:41,REAL,73 BPM,87%,STABLE
15:03:41,REAL,73 BPM,87%,STABLE
15:03:41,REAL,73 BPM,87%,STABLE
15:03:41,REAL,73 BPM,87%,STABLE
15:03:42,REAL,73 BPM,87%,STABLE
15:03:42,REAL,73 BPM,87%,STABLE
15:03:42,REAL,73 BPM,87%,STABLE
15:03:42,REAL,73 BPM,87%,STABLE
15:03:43,REAL,73 BPM,87%,STABLE
15:03:43,REAL,73 BPM,87%,STABLE
15:03:43,REAL,73 BPM,87%,STABLE
15:03:43,REAL,73 BPM,87%,STABLE
15:03:44,REAL,73 BPM,87%,STABLE
15:03:44,REAL,73 BPM,87%,STABLE
15:03:44,REAL,73 BPM,87%,STABLE
15:03:44,REAL,73 BPM,87%,STABLE
15:03:45,REAL,73 BPM,87%,STABLE
15:03:45,REAL,73 BPM,87%,STABLE
15:03:45,REAL,73 BPM,87%,STABLE
15:03:45,REAL,73 BPM,87%,STABLE
15:03:46,REAL,73 BPM,87%,STABLE
15:03:46,REAL,73 BPM,87%,STABLE
15:03:46,REAL,73 BPM,87%,STABLE
15:03:46,REAL,73 BPM,87%,STABLE
15:03:47,REAL,73 BPM,87%,STABLE
15:03:47,REAL,73 BPM,87%,STABLE
15:03:47,REAL,73 BPM,87%,STABLE
15:03:47,REAL,73 BPM,87%,STABLE
15:03:48,REAL,73 BPM,87%,STABLE
15:03:48,REAL,73 BPM,87%,STABLE
15:03:48,REAL,73 BPM,87%,STABLE
15:03:48,REAL,73 BPM,87%,STABLE
15:03:49,REAL,73 BPM,87%,STABLE
15:03:49,REAL,73 BPM,87%,STABLE
15:03:49,REAL,73 BPM,87%,STABLE
15:03:49,REAL,73 BPM,87%,STABLE
15:03:50,REAL,73 BPM,87%,STABLE
15:03:50,REAL,73 BPM,87%,STABLE
15:03:50,REAL,73 BPM,87%,STABLE
15:03:50,REAL,73 BPM,87%,STABLE
15:03:51,REAL,73 BPM,87%,STABLE
15:03:51,REAL,73 BPM,87%,STABLE
15:03:51,REAL,73 BPM,87%,STABLE
15:03:51,REAL,73 BPM,87%,STABLE
15:03:52,REAL,73 BPM,87%,STABLE
15:03:52,REAL,73 BPM,87%,STABLE
15:03:52,REAL,73 BPM,87%,STABLE
15:03:52,REAL,73 BPM,87%,STABLE
15:03:53,REAL,73 BPM,87%,STABLE
15:03:53,REAL,73 BPM,87%,STABLE
15:03:53,REAL,73 BPM,87%,STABLE
15:03:53,REAL,73 BPM,87%,STABLE
15:03:54,REAL,73 BPM,87%,STABLE
15:03:54,REAL,73 BPM,87%,STABLE
15:03:54,REAL,73 BPM,87%,STABLE
15:03:54,REAL,73 BPM,87%,STABLE
15:03:55,REAL,73 BPM,87%,STABLE
15:03:55,REAL,73 BPM,87%,STABLE
15:03:55,REAL,73 BPM,87%,STABLE
15:03:55,REAL,73 BPM,87%,STABLE
15:03:55,REAL,73 BPM,87%,STABLE
15:03:56,REAL,73 BPM,87%,STABLE
15:03:56,REAL,73 BPM,87%,STABLE
15:03:56,REAL,73 BPM,87%,STABLE
15:03:57,REAL,73 BPM,87%,STABLE
15:03:57,REAL,73 BPM,87%,STABLE
15:03:57,REAL,73 BPM,87%,STABLE
15:03:57,REAL,73 BPM,87%,STABLE
15:03:58,REAL,73 BPM,87%,STABLE
15:03:58,REAL,73 BPM,87%,STABLE
15:03:59,REAL,73 BPM,87%,STABLE
15:03:59,REAL,73 BPM,87%,STABLE
15:04:00,REAL,73 BPM,87%,STABLE
15:04:00,REAL,73 BPM,87%,STABLE
15:04:00,REAL,73 BPM,87%,STABLE
15:04:00,REAL,73 BPM,87%,STABLE
15:04:01,REAL,73 BPM,87%,STABLE
15:04:01,REAL,73 BPM,87%,STABLE
15:04:01,REAL,73 BPM,87%,STABLE
15:04:01,REAL,73 BPM,87%,STABLE
15:15:00,REAL,73 BPM,87%,STABLE
15:15:01,REAL,73 BPM,87%,STABLE
15:15:02,REAL,73 BPM,87%,STABLE
15:15:02,REAL,73 BPM,87%,STABLE
15:15:02,REAL,73 BPM,87%,STABLE
15:15:03,REAL,73 BPM,87%,STABLE
15:15:03,REAL,73 BPM,87%,STABLE
15:15:04,REAL,73 BPM,87%,STABLE
15:15:04,REAL,73 BPM,87%,STABLE
15:15:05,REAL,73 BPM,87%,STABLE
15:15:05,REAL,73 BPM,87%,STABLE
15:15:05,REAL,73 BPM,87%,STABLE
15:15:06,REAL,73 BPM,87%,STABLE
15:15:06,REAL,73 BPM,87%,STABLE
15:15:06,REAL,73 BPM,87%,STABLE
15:15:07,REAL,73 BPM,87%,STABLE
15:15:08,REAL,73 BPM,87%,STABLE
15:15:08,REAL,73 BPM,87%,STABLE
15:15:08,REAL,73 BPM,87%,STABLE
15:15:09,REAL,73 BPM,87%,STABLE
15:15:09,REAL,73 BPM,87%,STABLE
15:15:09,REAL,73 BPM,87%,STABLE
15:15:10,REAL,73 BPM,87%,STABLE
15:15:10,REAL,73 BPM,87%,STABLE
15:15:11,REAL,73 BPM,87%,STABLE
15:15:11,REAL,73 BPM,87%,STABLE
15:15:11,REAL,73 BPM,87%,STABLE
15:15:12,REAL,73 BPM,87%,STABLE
15:15:12,REAL,73 BPM,87%,STABLE
15:15:13,REAL,73 BPM,87%,STABLE
15:15:13,REAL,73 BPM,87%,STABLE
15:15:13,REAL,73 BPM,87%,STABLE
15:15:14,REAL,73 BPM,87%,STABLE
15:15:14,REAL,73 BPM,87%,STABLE
15:15:14,REAL,73 BPM,87%,STABLE
15:15:15,REAL,73 BPM,87%,STABLE
15:15:15,REAL,73 BPM,87%,STABLE
15:15:16,REAL,73 BPM,87%,STABLE
15:15:16,REAL,73 BPM,87%,STABLE
15:15:16,REAL,73 BPM,87%,STABLE
15:15:17,REAL,73 BPM,87%,STABLE
15:15:17,REAL,73 BPM,87%,STABLE
15:15:18,REAL,73 BPM,87%,STABLE
15:15:18,REAL,73 BPM,87%,STABLE
15:15:18,REAL,73 BPM,87%,STABLE
15:15:19,REAL,73 BPM,87%,STABLE
15:15:19,REAL,73 BPM,87%,STABLE
15:15:19,REAL,73 BPM,87%,STABLE
15:15:20,REAL,73 BPM,87%,STABLE
15:15:20,REAL,73 BPM,87%,STABLE
15:15:20,REAL,73 BPM,87%,STABLE
15:15:21,REAL,73 BPM,87%,STABLE
15:15:21,REAL,73 BPM,87%,STABLE
15:15:21,REAL,73 BPM,87%,STABLE
15:15:22,REAL,73 BPM,87%,STABLE
15:15:22,REAL,73 BPM,87%,STABLE
15:15:23,REAL,73 BPM,87%,STABLE
15:15:23,REAL,73 BPM,87%,STABLE
15:15:23,REAL,73 BPM,87%,STABLE
15:15:24,REAL,73 BPM,87%,STABLE
15:15:24,REAL,73 BPM,87%,STABLE
15:15:24,REAL,73 BPM,87%,STABLE
15:15:25,REAL,73 BPM,87%,STABLE
15:15:25,REAL,73 BPM,87%,STABLE
15:15:26,REAL,73 BPM,87%,STABLE
15:15:26,REAL,73 BPM,87%,STABLE
15:15:26,REAL,73 BPM,87%,STABLE
15:15:27,REAL,73 BPM,87%,STABLE
15:15:27,REAL,73 BPM,87%,STABLE
15:15:27,REAL,73 BPM,87%,STABLE
15:15:28,REAL,73 BPM,87%,STABLE
15:15:28,REAL,73 BPM,87%,STABLE
15:15:28,REAL,73 BPM,87%,STABLE
15:15:29,REAL,73 BPM,87%,STABLE
15:15:29,REAL,73 BPM,87%,STABLE
15:15:30,REAL,73 BPM,87%,STABLE
15:15:30,REAL,73 BPM,87%,STABLE
15:15:30,REAL,73 BPM,87%,STABLE
15:15:31,REAL,73 BPM,87%,STABLE
15:15:31,REAL,73 BPM,87%,STABLE
15:15:31,REAL,73 BPM,87%,STABLE
15:15:32,REAL,73 BPM,87%,STABLE
15:15:32,REAL,73 BPM,87%,STABLE
15:15:33,REAL,73 BPM,87%,STABLE
15:15:33,REAL,73 BPM,87%,STABLE
15:15:33,REAL,73 BPM,87%,STABLE
15:15:34,REAL,73 BPM,87%,STABLE
15:15:34,REAL,73 BPM,87%,STABLE
15:15:35,REAL,73 BPM,87%,STABLE
15:15:35,REAL,73 BPM,87%,STABLE
15:15:35,REAL,73 BPM,87%,STABLE
15:15:36,REAL,73 BPM,87%,STABLE
15:15:37,REAL,73 BPM,87%,STABLE
15:15:37,REAL,73 BPM,87%,STABLE
15:15:37,REAL,73 BPM,87%,STABLE
15:15:38,REAL,73 BPM,87%,STABLE
15:15:38,REAL,73 BPM,87%,STABLE
15:15:39,REAL,73 BPM,87%,STABLE
15:15:39,REAL,73 BPM,87%,STABLE
15:15:39,REAL,73 BPM,87%,STABLE
15:15:40,REAL,73 BPM,87%,STABLE
15:15:40,REAL,73 BPM,87%,STABLE
15:15:41,REAL,73 BPM,87%,STABLE
15:15:41,REAL,73 BPM,87%,STABLE
15:15:41,REAL,73 BPM,87%,STABLE
15:15:42,REAL,73 BPM,87%,STABLE
15:15:42,REAL,73 BPM,87%,STABLE
15:15:42,REAL,73 BPM,87%,STABLE
15:15:43,REAL,73 BPM,87%,STABLE
15:15:43,REAL,73 BPM,87%,STABLE
15:15:44,REAL,73 BPM,87%,STABLE
15:15:44,REAL,73 BPM,87%,STABLE
15:15:44,REAL,73 BPM,87%,STABLE
15:15:45,REAL,73 BPM,87%,STABLE
15:15:45,REAL,73 BPM,87%,STABLE
15:15:46,REAL,73 BPM,87%,STABLE
15:15:46,REAL,73 BPM,87%,STABLE
15:15:46,REAL,73 BPM,87%,STABLE
15:15:47,REAL,73 BPM,87%,STABLE
15:15:47,REAL,73 BPM,87%,STABLE
15:15:48,REAL,73 BPM,87%,STABLE
15:15:48,REAL,73 BPM,87%,STABLE
15:15:48,REAL,73 BPM,87%,STABLE
15:15:49,REAL,73 BPM,87%,STABLE
15:15:49,REAL,73 BPM,87%,STABLE
15:15:50,REAL,73 BPM,87%,STABLE
15:15:50,REAL,73 BPM,87%,STABLE
15:15:50,REAL,73 BPM,87%,STABLE
15:15:51,REAL,73 BPM,87%,STABLE
15:15:51,REAL,73 BPM,87%,STABLE
15:15:51,REAL,73 BPM,87%,STABLE
15:15:52,REAL,73 BPM,87%,STABLE
15:15:52,REAL,73 BPM,87%,STABLE
15:15:53,REAL,73 BPM,87%,STABLE
15:15:53,REAL,73 BPM,87%,STABLE
15:15:53,REAL,73 BPM,87%,STABLE
15:15:54,REAL,73 BPM,87%,STABLE
15:15:54,REAL,73 BPM,87%,STABLE
15:15:54,REAL,73 BPM,87%,STABLE
15:15:55,REAL,73 BPM,87%,STABLE
15:15:55,REAL,73 BPM,87%,STABLE
15:15:56,REAL,73 BPM,87%,STABLE
15:15:56,REAL,73 BPM,87%,STABLE
15:15:56,REAL,73 BPM,87%,STABLE
15:15:57,REAL,73 BPM,87%,STABLE
15:15:57,REAL,73 BPM,87%,STABLE
15:15:57,REAL,73 BPM,87%,STABLE
15:15:58,REAL,73 BPM,87%,STABLE
15:15:58,REAL,73 BPM,87%,STABLE
15:15:59,REAL,73 BPM,87%,STABLE
15:15:59,REAL,73 BPM,87%,STABLE
15:15:59,REAL,73 BPM,87%,STABLE
15:16:00,REAL,73 BPM,87%,STABLE
15:16:00,REAL,73 BPM,87%,STABLE
15:16:00,REAL,73 BPM,87%,STABLE
15:16:01,REAL,73 BPM,87%,STABLE
15:16:01,REAL,73 BPM,87%,STABLE
15:16:01,REAL,73 BPM,87%,STABLE
15:16:02,REAL,73 BPM,87%,STABLE
15:16:02,REAL,73 BPM,87%,STABLE
15:16:02,REAL,73 BPM,87%,STABLE
15:16:03,REAL,73 BPM,87%,STABLE
15:16:03,REAL,73 BPM,87%,STABLE
15:16:04,REAL,73 BPM,87%,STABLE
15:16:04,REAL,73 BPM,87%,STABLE
15:16:04,REAL,73 BPM,87%,STABLE
15:16:05,REAL,73 BPM,87%,STABLE
15:16:06,REAL,73 BPM,87%,STABLE
15:16:06,REAL,73 BPM,87%,STABLE
15:16:06,REAL,73 BPM,87%,STABLE
15:16:07,REAL,73 BPM,87%,STABLE
15:16:07,REAL,73 BPM,87%,STABLE
15:16:08,REAL,73 BPM,87%,STABLE
15:16:08,REAL,73 BPM,87%,STABLE
15:16:08,REAL,73 BPM,87%,STABLE
15:16:09,REAL,73 BPM,87%,STABLE
15:16:09,REAL,73 BPM,87%,STABLE
15:16:09,REAL,73 BPM,87%,STABLE
15:16:10,REAL,73 BPM,87%,STABLE
15:16:10,REAL,73 BPM,87%,STABLE
15:16:11,REAL,73 BPM,87%,STABLE
15:16:11,REAL,73 BPM,87%,STABLE
15:16:11,REAL,73 BPM,87%,STABLE
15:16:12,REAL,73 BPM,87%,STABLE
15:16:12,REAL,73 BPM,87%,STABLE
15:16:12,REAL,73 BPM,87%,STABLE
15:16:13,REAL,73 BPM,87%,STABLE
15:16:13,REAL,73 BPM,87%,STABLE
15:16:13,REAL,73 BPM,87%,STABLE
15:16:14,REAL,73 BPM,87%,STABLE
15:16:14,REAL,73 BPM,87%,STABLE
15:16:15,REAL,73 BPM,87%,STABLE
15:16:15,REAL,73 BPM,87%,STABLE
15:16:15,REAL,73 BPM,87%,STABLE
15:16:16,REAL,73 BPM,87%,STABLE
15:16:16,REAL,73 BPM,87%,STABLE
15:16:16,REAL,73 BPM,87%,STABLE
15:16:17,REAL,73 BPM,87%,STABLE
15:16:17,REAL,73 BPM,87%,STABLE
15:16:18,REAL,73 BPM,87%,STABLE
15:16:18,REAL,73 BPM,87%,STABLE
15:16:18,REAL,73 BPM,87%,STABLE
15:16:19,REAL,73 BPM,87%,STABLE
15:16:19,REAL,73 BPM,87%,STABLE
15:16:19,REAL,73 BPM,87%,STABLE
15:16:20,REAL,73 BPM,87%,STABLE
15:16:20,REAL,73 BPM,87%,STABLE
15:16:21,REAL,73 BPM,87%,STABLE
15:16:21,REAL,73 BPM,87%,STABLE
15:16:21,REAL,73 BPM,87%,STABLE
15:16:22,REAL,73 BPM,87%,STABLE
15:16:22,REAL,73 BPM,87%,STABLE
15:16:23,REAL,73 BPM,87%,STABLE
15:16:23,REAL,73 BPM,87%,STABLE
15:16:23,REAL,73 BPM,87%,STABLE
15:16:24,REAL,73 BPM,87%,STABLE
15:16:24,REAL,73 BPM,87%,STABLE
15:16:24,REAL,73 BPM,87%,STABLE
15:16:25,REAL,73 BPM,87%,STABLE
15:16:25,REAL,73 BPM,87%,STABLE
15:16:26,REAL,73 BPM,87%,STABLE
15:16:26,REAL,73 BPM,87%,STABLE
15:16:26,REAL,73 BPM,87%,STABLE
15:16:27,REAL,73 BPM,87%,STABLE
15:16:27,REAL,73 BPM,87%,STABLE
15:16:27,REAL,73 BPM,87%,STABLE
15:16:28,REAL,73 BPM,87%,STABLE
15:16:28,REAL,73 BPM,87%,STABLE
15:16:29,REAL,73 BPM,87%,STABLE
15:16:29,REAL,73 BPM,87%,STABLE
15:16:29,REAL,73 BPM,87%,STABLE
15:16:30,REAL,73 BPM,87%,STABLE
15:16:30,REAL,73 BPM,87%,STABLE
15:16:30,REAL,73 BPM,87%,STABLE
15:16:31,REAL,73 BPM,87%,STABLE
15:16:31,REAL,73 BPM,87%,STABLE
15:16:32,REAL,73 BPM,87%,STABLE
15:16:32,REAL,73 BPM,87%,STABLE
15:16:33,REAL,73 BPM,87%,STABLE
15:16:33,REAL,73 BPM,87%,STABLE
15:16:33,REAL,73 BPM,87%,STABLE
15:16:34,REAL,73 BPM,87%,STABLE
15:16:34,REAL,73 BPM,87%,STABLE
15:16:34,REAL,73 BPM,87%,STABLE
15:16:36,REAL,73 BPM,87%,STABLE
15:16:36,REAL,73 BPM,87%,STABLE
15:16:37,REAL,73 BPM,87%,STABLE
15:16:37,REAL,73 BPM,87%,STABLE
15:16:37,REAL,73 BPM,87%,STABLE
15:16:38,REAL,73 BPM,87%,STABLE
15:16:38,REAL,73 BPM,87%,STABLE
15:16:38,REAL,73 BPM,87%,STABLE
15:16:39,REAL,73 BPM,87%,STABLE
15:16:39,REAL,73 BPM,87%,STABLE
15:16:40,REAL,73 BPM,87%,STABLE
15:16:40,REAL,73 BPM,87%,STABLE
15:16:40,REAL,73 BPM,87%,STABLE
15:16:41,REAL,73 BPM,87%,STABLE
15:16:41,REAL,73 BPM,87%,STABLE
15:16:41,REAL,73 BPM,87%,STABLE
15:16:42,REAL,73 BPM,87%,STABLE
15:16:42,REAL,73 BPM,87%,STABLE
15:16:43,REAL,73 BPM,87%,STABLE
15:16:43,REAL,73 BPM,87%,STABLE
15:16:43,REAL,73 BPM,87%,STABLE
15:16:44,REAL,73 BPM,87%,STABLE
15:16:44,REAL,73 BPM,87%,STABLE
15:16:45,REAL,73 BPM,87%,STABLE
15:16:45,REAL,73 BPM,87%,STABLE
15:16:45,REAL,73 BPM,87%,STABLE
15:16:46,REAL,73 BPM,87%,STABLE
15:16:46,REAL,73 BPM,87%,STABLE
15:16:47,REAL,73 BPM,87%,STABLE
15:16:47,REAL,73 BPM,87%,STABLE
15:16:47,REAL,73 BPM,87%,STABLE
15:16:48,REAL,73 BPM,87%,STABLE
15:16:48,REAL,73 BPM,87%,STABLE
15:16:48,REAL,73 BPM,87%,STABLE
15:16:49,REAL,73 BPM,87%,STABLE
15:16:49,REAL,73 BPM,87%,STABLE
15:16:50,REAL,73 BPM,87%,STABLE
15:16:50,REAL,73 BPM,87%,STABLE
15:16:50,REAL,73 BPM,87%,STABLE
15:16:51,REAL,73 BPM,87%,STABLE
15:16:51,REAL,73 BPM,87%,STABLE
15:16:52,REAL,73 BPM,87%,STABLE
15:16:52,REAL,73 BPM,87%,STABLE
15:16:52,REAL,73 BPM,87%,STABLE
15:16:53,REAL,73 BPM,87%,STABLE
15:16:53,REAL,73 BPM,87%,STABLE
15:16:54,REAL,73 BPM,87%,STABLE
15:16:54,REAL,73 BPM,87%,STABLE
15:16:54,REAL,73 BPM,87%,STABLE
15:16:55,REAL,73 BPM,87%,STABLE
15:16:55,REAL,73 BPM,87%,STABLE
15:16:56,REAL,73 BPM,87%,STABLE
15:16:56,REAL,73 BPM,87%,STABLE
15:16:56,REAL,73 BPM,87%,STABLE
15:16:57,REAL,73 BPM,87%,STABLE
15:16:57,REAL,73 BPM,87%,STABLE
15:16:57,REAL,73 BPM,87%,STABLE
15:16:58,REAL,73 BPM,87%,STABLE
15:16:58,REAL,73 BPM,87%,STABLE
15:16:59,REAL,73 BPM,87%,STABLE
15:16:59,REAL,73 BPM,87%,STABLE
15:16:59,REAL,73 BPM,87%,STABLE
15:17:00,REAL,73 BPM,87%,STABLE
15:17:00,REAL,73 BPM,87%,STABLE
15:17:01,REAL,73 BPM,87%,STABLE
15:17:01,REAL,73 BPM,87%,STABLE
15:17:01,REAL,73 BPM,87%,STABLE
15:17:02,REAL,73 BPM,87%,STABLE
15:17:02,REAL,73 BPM,87%,STABLE
15:17:03,REAL,73 BPM,87%,STABLE
15:17:03,REAL,73 BPM,87%,STABLE
15:17:03,REAL,73 BPM,87%,STABLE
15:17:04,REAL,73 BPM,87%,STABLE
15:17:04,REAL,73 BPM,87%,STABLE
15:17:05,REAL,73 BPM,87%,STABLE
15:17:05,REAL,73 BPM,87%,STABLE
15:17:05,REAL,73 BPM,87%,STABLE
15:17:07,REAL,73 BPM,87%,STABLE
15:17:07,REAL,73 BPM,87%,STABLE
15:17:08,REAL,73 BPM,87%,STABLE
15:17:08,REAL,73 BPM,87%,STABLE
15:17:08,REAL,73 BPM,87%,STABLE
15:17:09,REAL,73 BPM,87%,STABLE
15:17:09,REAL,73 BPM,87%,STABLE
15:17:10,REAL,73 BPM,87%,STABLE
15:17:10,REAL,73 BPM,87%,STABLE
15:17:10,REAL,73 BPM,87%,STABLE
15:17:11,REAL,73 BPM,87%,STABLE
15:17:11,REAL,73 BPM,87%,STABLE
15:17:12,REAL,73 BPM,87%,STABLE
15:17:12,REAL,73 BPM,87%,STABLE
15:17:12,REAL,73 BPM,87%,STABLE
15:17:13,REAL,73 BPM,87%,STABLE
15:17:13,REAL,73 BPM,87%,STABLE
15:17:14,REAL,73 BPM,87%,STABLE
15:17:14,REAL,73 BPM,87%,STABLE
15:17:14,REAL,73 BPM,87%,STABLE
15:17:15,REAL,73 BPM,87%,STABLE
15:17:15,REAL,73 BPM,87%,STABLE
15:17:15,REAL,73 BPM,87%,STABLE
15:17:16,REAL,73 BPM,87%,STABLE
15:17:16,REAL,73 BPM,87%,STABLE
15:17:17,REAL,73 BPM,87%,STABLE
15:17:17,REAL,73 BPM,87%,STABLE
15:17:17,REAL,73 BPM,87%,STABLE
15:17:18,REAL,73 BPM,87%,STABLE
15:17:18,REAL,73 BPM,87%,STABLE
15:17:18,REAL,73 BPM,87%,STABLE
15:17:19,REAL,73 BPM,87%,STABLE
15:17:19,REAL,73 BPM,87%,STABLE
15:17:20,REAL,73 BPM,87%,STABLE
15:17:20,REAL,73 BPM,87%,STABLE
15:17:20,REAL,73 BPM,87%,STABLE
15:17:21,REAL,73 BPM,87%,STABLE
15:17:21,REAL,73 BPM,87%,STABLE
15:17:21,REAL,73 BPM,87%,STABLE
15:17:21,REAL,73 BPM,87%,STABLE
15:17:22,REAL,73 BPM,87%,STABLE
15:17:22,REAL,73 BPM,87%,STABLE
15:17:22,REAL,73 BPM,87%,STABLE
15:17:22,REAL,73 BPM,87%,STABLE
15:17:23,REAL,73 BPM,87%,STABLE
15:17:23,REAL,73 BPM,87%,STABLE
15:17:23,REAL,73 BPM,87%,STABLE
15:17:24,REAL,73 BPM,87%,STABLE
15:17:24,REAL,73 BPM,87%,STABLE
15:17:24,REAL,73 BPM,87%,STABLE
15:17:24,REAL,73 BPM,87%,STABLE
15:17:25,REAL,73 BPM,87%,STABLE
15:17:25,REAL,73 BPM,87%,STABLE
15:17:25,REAL,73 BPM,87%,STABLE
